Part Number / Line 1,Quantity / Line 2,PO Number,Employee,Date,Location
Insinkerator Baskets (Large),Quantity: 24,Customer Supplied,6229,3/18/2026,Press 8 Area
Insinkerator Baskets (Short),Quantity: 8,Customer Supplied,6229,3/18/2026,V-A Isle
52 x 47 Skids,Quantity: 400,068190,6229,3/18/2026,"Doyle Unloaded
Not Sure"
John Deere AKK46582 Rack,Quantity: 1,Customer Supplied,6229,3/18/2026,Inside Door 5
John Deere AKK543 Racks,Quantity: 3,Customer Supplied,6229,3/18/2026,Inside Door 5
DuraDraw 6802,Quantity: 55 Gallons,PO-068379,6229,3/18/2026,"Next to T-A Racking
Blue Barrel"
32 x 30 Pallets,Quantity: 63,068122,6229,3/13/2026,Door 13
John Deere AKK543 Racks,Quantity: 4,Customer Supplied,6229,3/11/2026,V-B0-00
John Deere AKK46582 Racks,Quantity: 2,Customer Supplied,6229,3/11/2026,V-B0-00
Lennox Jarkies,Quantity: 20,Customer Supplied,6229,3/11/2026,R-05
John Deere AKK543 Racks,Quantity: 2,Customer Supplied,6229,3/10/2026,Weld Area
John Deere AKK46582 Racks,Quantity: 1,Customer Supplied,6229,3/10/2026,Door 5 (Inside)
32 x 30 Skids,Quantity: 72,PO-068122,6229,3/9/2026,Door 13
"Electrolux Boxes
30.75 x 28.75 x 25",Quantity: 210,066398,6229,3/6/2026,Generac Loading Area
32 x 30 Skids,Quantity: 60,068122,6229,3/5/2026,Door 13
Insinkerator Baskets (Small),Quantity: 3,Customer Supplied,6229,3/5/2026,V-A Area
Insinkerator Baskets (Normal),Quantity: 36,Customer Supplied,6229,3/5/2026,Press 100-08 Area
Perdraw 1043-330,Quantity: 330 Gallon Bin,068294,6229,3/5/2026,T-00 Area
"Stretch Film
Hand-Held",Quantity: 48 Boxes,068283,6229,3/3/2026,T-00
"Stretch Film
Auto-Wrapper",Quantity: 40 Rolls,068283,6229,3/3/2026,U-04
2 Inch Tape,Quantity: 3 Boxes,068283,6229,3/3/2026,Supervisor's Office
John Deere AKK543 Racks,Quantity: 3 Racks,Customer Supplied,6229,3/3/2026,Door 5 (Inside)
John Deere AKK46582 Racks,Quantity: 2 Racks,Customer Supplied,6229,3/3/2026,Door 5 (Inside)
15 x 12 x 7,Kawasaki Totes,Customer Supplied,6229,3/3/2026,RECV
15 x 12 x 7,Kawasaki Totes,Customer Supplied,6229,3/3/2026,RECV
15 x 12 x 7,Kawasaki Totes,Customer Supplied,6229,3/3/2026,RECV
John Deere AKK543 Rack,Quantity: 4,Customer Supplied,6229,2/27/2026,RECV
John Deere AKK46582 Rack,Quantity: 1,Customer Supplied,6229,2/27/2026,RECV
"14 x 12 x 7
Kawasaki Totes",Quantity: 72,Customer Supplied,6229,2/26/2026,V-N Racking
"14 x 12 x 7
Kawasaki Totes",Quantity: 72,Customer Supplied,6229,2/26/2026,V-N Racking
"14 x 12 x 7
Kawasaki Totes",Quantity: 72,Customer Supplied,6229,2/26/2026,W-C Racking
"14 x 12 x 7
Kawasaki Totes",Quantity: 72,Customer Supplied,6229,2/26/2026,W-C Racking
"14 x 12 x 7
Kawasaki Totes",Quantity: 72,Customer Supplied,6229,2/26/2026,"Die Racking
Near 100-1806/1807"
"14 x 12 x 7
Kawasaki Totes",Quantity: 72,Customer Supplied,6229,2/26/2026,"""Die Racking
Near 100-1806/1807"""
"14 x 12 x 7
Kawasaki Totes",Quantity: 72,Customer Supplied,6229,2/26/2026,"""Die Racking
Near 100-1806/1807"""
"14 x 12 x 7
Kawasaki Totes",Quantity: 72,Customer Supplied,6229,2/26/2026,"""Die Racking
Near 100-1806/1807"""
"14 x 12 x 7
Kawasaki Totes",Quantity: 72,Customer Supplied,6229,2/26/2026,RECV
"14 x 12 x 7
Kawasaki Totes",Quantity: 72,Customer Supplied,6229,2/26/2026,RECV
"14 x 12 x 7
Kawasaki Totes",Quantity: 72,Customer Supplied,6229,2/26/2026,RECV
"14 x 12 x 7
Kawasaki Totes",Quantity: 72,Customer Supplied,6229,2/26/2026,RECV
"14 x 12 x 7
Kawasaki Totes",Quantity: 72,Customer Supplied,6229,2/26/2026,RECV
"14 x 12 x 7
Kawasaki Totes",Quantity: 72,Customer Supplied,6229,2/26/2026,RECV
40 x 48 Cardboard,Quantity: 390,068020,6229,2/25/2026,Home Location
40 x 48 Cardboard,Quantity: 390,068020,6229,2/25/2026,Home Location
40 x 48 Cardboard,Quantity: 390,068020,6229,2/25/2026,Home Location
40 x 48 Cardboard,Quantity: 390,068020,6229,2/25/2026,Home Location
40 x 48 Cardboard,Quantity: 390,068020,6229,2/25/2026,Home Location
40 x 48 Cardboard,Quantity: 390,068020,6229,2/25/2026,Home Location
40 x 48 Cardboard,Quantity: 390,068020,6229,2/25/2026,Home Location
40 x 48 Cardboard,Quantity: 390,068020,6229,2/25/2026,Home Location
40 x 48 Cardboard,Quantity: 390,068020,6229,2/25/2026,Home Location
40 x 48 Cardboard,Quantity: 390,068020,6229,2/25/2026,Home Location
"30 3/4 x 28 3/4 x 25
Insinkerator Boxes",Quantity: 36,066398,6229,2/25/2026,V-N Area
"30 3/4 x 28 3/4 x 25
Insinkerator Boxes",Quantity: 36,066398,6229,2/25/2026,V-N Area
"30 3/4 x 28 3/4 x 25
Insinkerator Boxes",Quantity: 36,066398,6229,2/25/2026,V-N Area
"30 3/4 x 28 3/4 x 25
Insinkerator Boxes",Quantity: 36,066398,6229,2/25/2026,V-N Area
"30 3/4 x 28 3/4 x 25
Insinkerator Boxes",Quantity: 36,066398,6229,2/25/2026,V-N Area
"30 3/4 x 28 3/4 x 25
Insinkerator Boxes",Quantity: 36,066398,6229,2/25/2026,V-N Area
"30 3/4 x 28 3/4 x 25
Insinkerator Boxes",Quantity: 36,066398,6229,2/25/2026,V-N Area
"30 3/4 x 28 3/4 x 25
Insinkerator Boxes",Quantity: 36,066398,6229,2/25/2026,V-N Area
"30 3/4 x 28 3/4 x 25
Insinkerator Boxes",Quantity: 36,066398,6229,2/25/2026,V-N Area
"30 3/4 x 28 3/4 x 25
Insinkerator Boxes",Quantity: 36,066398,6229,2/25/2026,V-N Area
54 x 42 Skids,Quantity: 13,PO-068167,6229,2/24/2026,Outside Door 13
Insinkerator Baskets (Small),Quantity: 5,Customer Supplied,6229,2/23/2026,V-F
Insinkerator Baskets (Normal),Quantity: 26,Customer Supplied,6229,2/23/2026,V-F
Kohler Crates,Quantity: 130,Customer Supplied,6229,2/23/2026,Outside Door 5
40 x 48 Bags,4 Mil Lay Flat,067985,6229,2/20/2026,RECV
DRAW LUBE 47,Quantity: 55 Gallons,068028,6229,2/20/2026,RECV
Lennox Jarkies,Quantity: 20,Customer Supplied,6229,2/20/2026,Outside Service
Insikerator Baskets (Small),Quantity: 7,Customer Supplied,6229,2/13/2026,U-04
Insikerator Baskets (Normal),Quantity: 32,Customer Supplied,6229,2/13/2026,U-04
32 x 30 Skids,Quantity: 150,067893,6229,2/12/2026,Outside Door 13
Thermal Labels,Quantity: 48 Rolls,067874,6229,2/12/2026,T Racking
John Deere AKK543 Racks,Quantity: 4,Customer Supplied,6229,2/10/2026,V-F
John Deere AKK46582 Racks,Quantity: 2,Customer Supplied,6229,2/10/2026,V-F
Insinkerator Baskets (Small),Quantity: 7,Customer Supplied,6229,2/9/2026,V-F
Insinkerator Baskets (Normal),Quantity: 32,Customer Supplied,6229,2/9/2026,V-F
John Deere AKK543 Rack,Quantity: 1,Customer Supplied,6229,2/9/2026,Outside Door 5
WIRE MIG ER70S-6 .035 500LB,Take to Robot 1,067841,6229,2/9/2026,Robot 1
TUFF DRAW 2806,Quantity: 55 Gallons (550#),067670,6229,2/6/2026,Door 5
Dubois Anti Rust,Quantity: 55 Gallons,067815,6229,2/6/2026,Waterjet
Lennox Jarkies,Quantity: 17,Customer Supplied,6229,2/6/2026,Outside Service / R-04
John Deere AKK543 Racks,Quantity: 3,Customer Supplied,6229,2/6/2026,Door 5
John Deere AKK46582 Racks,Quantity: 1,Customer Supplied,6229,2/6/2026,Door 5
Koher Crates,Quantity: Full Trailer,Customer Supplied,6229,2/4/2026,Outside Door 5
Koher Crates,Quantity: Full Trailer,Customer Supplied,6229,2/4/2026,RECV
Insinkerator Baskets,Quantity: 43,Customer Supplied,6229,2/4/2026,U-04
John Deere AKK543 Racks,Quantity: 7,Customer Supplied,6229,2/4/2026,Door 5
John Deere AKK419925 Racks,Quantity: 2,Customer Supplied,6229,2/4/2026,Door 5
80 West Jet Garnet,"Weight: 2,200",067814,6229,2/4/2026,RECV
80 West Jet Garnet,"Weight: 2,200",067814,6229,2/4/2026,RECV
80 West Jet Garnet,"Weight: 2,200",067814,6229,2/4/2026,RECV
80 West Jet Garnet,"Weight: 2,200",067814,6229,2/4/2026,RECV
80 West Jet Garnet,"Weight: 2,200",067814,6229,2/4/2026,RECV
80 West Jet Garnet,"Weight: 2,200",067814,6229,2/4/2026,RECV
Lennox Jarkies,Quantity: 20,Customer Supplied,6229,1/30/2026,V-B
Kohler Crates - For Expo,Quantity: 86,Customer Supplied,6229,1/30/2026,Outside Door 5
Kohler Crates - For Vits Drive,Quantity: 46,Customer Supplied,6229,1/30/2026,TRL-02
Bad Kohler Crates,Quantity: 7,Customer Supplied,6229,1/30/2026,In front of U-A0-00
John Deere AKK46582 Rack,Quantity: 1,Customer Supplied,6229,1/30/2026,Outside Door 5
"Lennox Jarkies
Cardboard Removed",Quantity: 20,Customer Supplied,6229,1/28/2026,U-B
John Deere AKK543 Racks,Quantity: 4,Customer Supplied,6229,1/28/2026,U-B
John Deere AKK46582 Racks,Quantity: 20,Customer Supplied,6229,1/28/2026,U-C
Gen Walls,Quantity: 40,067134,6229,1/26/2026,RECV
Gen Walls,Quantity: 40,067134,6229,1/26/2026,RECV
Gen Walls,Quantity: 40,067134,6229,1/26/2026,RECV
Gen Walls,Quantity: 40,067134,6229,1/26/2026,RECV
Gen Walls,Quantity: 40,067134,6229,1/26/2026,RECV
Gen Walls,Quantity: 40,067134,6229,1/26/2026,RECV
Gen Walls,Quantity: 40,067134,6229,1/26/2026,RECV
Gen Walls,Quantity: 40,067134,6229,1/26/2026,RECV
Gen Walls,Quantity: 40,067134,6229,1/26/2026,RECV
Gen Walls,Quantity: 40,067134,6229,1/26/2026,RECV
Gen Walls,Quantity: 40,067134,6229,1/26/2026,RECV
Gen Walls,Quantity: 40,067134,6229,1/26/2026,RECV
Gen Walls,Quantity: 40,067134,6229,1/26/2026,RECV
Gen Walls,Quantity: 40,067134,6229,1/26/2026,RECV
Gen Walls,Quantity: 40,067134,6229,1/26/2026,RECV
Gen Walls,Quantity: 40,067134,6229,1/26/2026,RECV
Gen Walls,Quantity: 40,067134,6229,1/26/2026,RECV
Gen Walls,Quantity: 40,067134,6229,1/26/2026,RECV
Gen Walls,Quantity: 40,067134,6229,1/26/2026,RECV
Gen Walls,Quantity: 40,067134,6229,1/26/2026,RECV
Gen Walls,Quantity: 40,067134,6229,1/26/2026,RECV
Gen Walls,Quantity: 40,067134,6229,1/26/2026,RECV
Gen Walls,Quantity: 10,067134,6229,1/26/2026,RECV
"Kawasaki Totes
15 x 7 x 12",Quantity: 96,Customer Supplied,6229,1/26/2026,RECV
"Kawasaki Totes
15 x 7 x 12",Quantity: 96,Customer Supplied,6229,1/26/2026,RECV
"Kawasaki Totes
15 x 7 x 12",Quantity: 96,Customer Supplied,6229,1/26/2026,RECV
"Kawasaki Totes
15 x 7 x 12",Quantity: 96,Customer Supplied,6229,1/26/2026,RECV
John Deere AKK543 Racks,Quantity: 4,Customer Supplied,6229,1/23/2026,Door 5
John Deere AKK46582 Racks,Quantity:  2,Customer Supplied,6229,1/23/2026,Door 5
John Deere AKK46543 Racks,Quantity: 4,Customer Supplied,6229,1/22/2026,Door 5
John Deere AKK46582 Racks,Quantity: 2,Customer Supplied,6229,1/22/2026,Door 5
Short Gaylords,Quantity: 600,PO-067093,6229,1/22/2026,Outside Service / R-C/D
39 x 39 Cardboard,Quantity: 96,PO-067109,6229,1/21/2026,Home Location
39 x 39 Cardboard,Quantity: 290,PO-067109,6229,1/21/2026,Home Location
39 x 39 Cardboard,Quantity: 290,PO-067109,6229,1/21/2026,Home Location
39 x 39 Cardboard,Quantity: 290,PO-067109,6229,1/21/2026,Home Location
39 x 39 Cardboard,Quantity: 290,PO-067109,6229,1/21/2026,Home Location
39 x 39 Cardboard,Quantity: 290,PO-067109,6229,1/21/2026,Home Location
39 x 39 Cardboard,Quantity: 290,PO-067109,6229,1/21/2026,Home Location
39 x 39 Cardboard,Quantity: 290,PO-067109,6229,1/21/2026,V-N Racking
39 x 39 Cardboard,Quantity: 290,PO-067109,6229,1/21/2026,V-N Racking
39 x 39 Cardboard,Quantity: 290,PO-067109,6229,1/21/2026,V-N Racking
39 x 39 Cardboard,Quantity: 290,PO-067109,6229,1/21/2026,V-N Racking
39 x 39 Cardboard,Quantity: 290,PO-067109,6229,1/21/2026,V-N Racking
39 x 39 Cardboard,Quantity: 290,PO-067109,6229,1/21/2026,V-N Racking
Used XMAS Boxes,"Size (L x W x H):
26 x 15.5 x 13.5",Customer Supplied,6229,1/21/2026,V-B Racking
"Kawasaki Totes
15 x 7 x 12",Quantity: 96,Customer Supplied,6229,1/20/2026,Recv
"Kawasaki Totes
15 x 7 x 12",Quantity: 96,Customer Supplied,6229,1/20/2026,Recv
"Kawasaki Totes
15 x 7 x 12",Quantity: 96,Customer Supplied,6229,1/20/2026,Recv
"Kawasaki Totes
15 x 7 x 12",Quantity: 96,Customer Supplied,6229,1/20/2026,Recv
"Kawasaki Totes
15 x 7 x 12",Quantity: 96,Customer Supplied,6229,1/20/2026,Recv
"Kawasaki Totes
15 x 7 x 12",Quantity: 96,Customer Supplied,6229,1/20/2026,Recv
"Kawasaki Totes
15 x 7 x 12",Quantity: 96,Customer Supplied,6229,1/20/2026,Recv
"Kawasaki Totes
15 x 7 x 12",Quantity: 96,Customer Supplied,6229,1/20/2026,Recv
"Kawasaki Totes
15 x 7 x 12",Quantity: 96,Customer Supplied,6229,1/20/2026,Recv
"Kawasaki Totes
15 x 7 x 12",Quantity: 96,Customer Supplied,6229,1/20/2026,Recv
"Kawasaki Totes
15 x 7 x 12",Quantity: 96,Customer Supplied,6229,1/20/2026,Recv
"Kawasaki Totes
15 x 7 x 12",Quantity: 96,Customer Supplied,6229,1/20/2026,Recv
"Kawasaki Totes
15 x 7 x 12",Quantity: 96,Customer Supplied,6229,1/20/2026,Recv
"Kawasaki Totes
15 x 7 x 12",Quantity: 96,Customer Supplied,6229,1/20/2026,Recv
John Deere AKK546 Racks,Quantity: 4,Customer Supplied,6229,1/19/2026,Recv
John Deere AKK46582 Racks,Quantity: 1,Customer Supplied,6229,1/19/2026,Recv
Insinkerator Baskets,Quantity: 27,Customer Supplied,6229,1/14/2026,V-F Area
AKK543 Racks,Quantity: 5,Customer Supplied,6229,1/14/2026,RECV
AKK46582 Racks,Quantity: 2,Customer Supplied,6229,1/14/2026,RECV
42 x 42 Skids,Quantity: 9,067125,6229,1/13/2026,Door 13
48 x 48 Skids,Quantity: 20,067125,6229,1/13/2026,Door 13
74 x 40 Skids,Quantity: 25,067125,6229,1/13/2026,Door 13
Allison Totes,TAKE TO VITS,Customer Supplied,6229,1/13/2026,RECV
Allison Totes,TAKE TO VITS,Customer Supplied,6229,1/13/2026,RECV
Allison Totes,TAKE TO VITS,Customer Supplied,6229,1/13/2026,RECV
Allison Totes,Quantity: 180,Customer Supplied,6229,1/13/2026,RECV
"Stretch Film - 20"" X 5000'",Quantity: 40 Rolls,067357,6229,1/13/2026,RECV
"3/4"" Steel Strapping",Quantity: 12 Coils,067357,6229,1/13/2026,RECV
"1 1/4"" Steel Strapping",Quantity: 4 Rolls,067360,6229,1/13/2026,RECV
Insinkerator Baskets,Quantity: 32,Customer Supplied,6229,1/9/2026,U-04
Kawasaki Totes,Quantity: 96,Customer Supplied,6229,1/8/2026,RECV
Kawasaki Totes,Quantity: 96,Customer Supplied,6229,1/8/2026,RECV
Skids: 32 x 30,Quantity: 100,067081,6229,1/8/2026,Door 13
Skids: 42 x 42,Quantity: 11,067125,6229,1/8/2026,Door 13
Kohler Crates,Quantity: 3/4 Truck,Customer Supplied,6229,1/7/2026,Outside Door 5
Bob Pederson,CO-082758,066821,6229,1/6/2026,Die Shop
Lennox Jarkies,Quantity: 20,Customer Supplied,6229,1/6/2026,RECV
Insinkerator Baskets,Quantity: 29,Customer Supplied,6229,1/6/2026,RECV
John Deere AKK543 Racks,Quantity: 9,Customer Supplied,6229,1/6/2026,RECV
John Deere AKK46582 Racks,Quantity: 4,Customer Supplied,6229,1/6/2026,RECV
12 x 12 x 12 Boxes,Quantity: 250,067191,6229,1/6/2026,Home Location
12 x 12 x 12 Boxes,Quantity: 250,067191,6229,1/6/2026,Home Location
12 x 12 x 6 Boxes,Quantity: 300,067191,6229,1/6/2026,Home Location
12 x 12 x 6 Boxes,Quantity: 300,067191,6229,1/6/2026,W-C Racking
12 x 12 x 6 Boxes,Quantity: 300,067191,6229,1/6/2026,W-C Racking
12 x 12 x 6 Boxes,Quantity: 300,067191,6229,1/6/2026,W-C Racking
8 x 5 x 5 Boxes,Quantity: 1025,067192,6229,1/6/2026,RECV
"12 x 12 x 6 Boxes
Double Walled",Quantity: 60,066814,6229,1/2/2026,RECV
Insikerator Baskets,Quantity: 63,Customer Supplied,6229,12/30/2025,100-14 / 100-1804
Allison Totes,Quantity: 180,Customer Supplied,6229,12/30/2025,RECV
Allison Totes,Quantity: 180,Customer Supplied,6229,12/30/2025,RECV
Allison Totes,Quantity: 180,Customer Supplied,6229,12/30/2025,RECV
Short Gaylords,Quantity: 24 Skids (1320 Gaylords),067092,6229,12/29/2025,Outside Service
Handheld Shrink-Wrap,Quantity: 24 Boxes,067067,6229,12/26/2025,RECV
Insinkerator Baskets,Quantity: 50 (All Tall),Customer Supplied,6229,12/23/2025,U-04 & 1804 Areas
40 x 48 Cardboard,Quantity: 260,066692,6229,12/22/2025,RECV
40 x 48 Cardboard,Quantity: 390,066692,6229,12/22/2025,RECV
40 x 48 Cardboard,Quantity: 390,066692,6229,12/22/2025,RECV
40 x 48 Cardboard,Quantity: 390,066692,6229,12/22/2025,RECV
40 x 48 Cardboard,Quantity: 390,066692,6229,12/22/2025,RECV
40 x 48 Cardboard,Quantity: 390,066692,6229,12/22/2025,RECV
40 x 48 Cardboard,Quantity: 390,066692,6229,12/22/2025,RECV
40 x 48 Cardboard,Quantity: 390,066692,6229,12/22/2025,RECV
40 x 48 Cardboard,Quantity: 390,066692,6229,12/22/2025,RECV
40 x 48 Cardboard,Quantity: 390,066692,6229,12/22/2025,RECV
47 x 52 Cardboard,Quantity: 264,066815,6229,12/22/2025,RECV
47 x 52 Cardboard,Quantity: 325,066815,6229,12/22/2025,RECV
47 x 52 Cardboard,Quantity: 325,066815,6229,12/22/2025,RECV
47 x 52 Cardboard,Quantity: 325,066815,6229,12/22/2025,RECV
47 x 52 Cardboard,Quantity: 325,066815,6229,12/22/2025,RECV
47 x 52 Cardboard,Quantity: 325,066815,6229,12/22/2025,RECV
47 x 52 Cardboard,Quantity: 325,066815,6229,12/22/2025,RECV
47 x 52 Cardboard,Quantity: 325,066815,6229,12/22/2025,RECV
Insinkerator Baskets,Quantity: 32,Customer Supplied,6229,12/16/2025,U-04
Insinkerator Baskets,Quantity: 56,Customer Suppled,6229,12/11/2025,U-04
Crenlo Rack,Quantity: 1,Custom Supplied,6229,12/11/2025,R Bay (C/D Isle)
John Deere AKK543 Racks,Quantity: 5,Custom Supplied,6229,12/11/2025,RECV
John Deere AKK46582 Rack,Quantity: 1,Custom Supplied,6229,12/11/2025,RECV
40 x 48 Cardboard,Quantity: 360,066735,6229,12/10/2025,Home
40 x 48 Cardboard,Quantity: 360,066735,6229,12/10/2025,Home
40 x 48 Cardboard,Quantity: 360,066735,6229,12/10/2025,Home
40 x 48 Cardboard,Quantity: 360,066735,6229,12/10/2025,Home
40 x 48 Cardboard,Quantity: 360,066735,6229,12/10/2025,Home
40 x 48 Cardboard,Quantity: 360,066735,6229,12/10/2025,Home
40 x 48 Cardboard,Quantity: 360,066735,6229,12/10/2025,Home
40 x 48 Cardboard,Quantity: 360,066735,6229,12/10/2025,Home
12 x 12 x 6 Boxes (DW),Quantity: 300,066814,6229,12/10/2025,Home
12 x 12 x 6 Boxes (DW),Quantity: 150,066814,6229,12/10/2025,Home
Skids: 42 x 54,Quantity: 29,066611,6229,12/9/2025,Door 13
12x12x12 SW Box,500,066814,6604,12/9/2025,RECV
Large Insinkerator Baskets,Quantity: 42,Customer Supplied,6229,12/8/2025,RECV
Small Insikerator Baskets,Quantity: 9,Customer Supplied,6229,12/8/2025,RECV
Allison Totes,Quantity: 180,Customer Suppled,6229,12/5/2025,RECV
Allison Totes,Quantity: 180,Customer Suppled,6229,12/5/2025,RECV
Allison Totes,Quantity: 180,Customer Suppled,6229,12/5/2025,RECV
Allison Totes,Quantity: 180,Customer Suppled,6229,12/5/2025,RECV
"Stretch Film
Hand Held",Quantity: 24 Boxes,066669,6229,12/5/2025,RECV
"Stretch Film
Machine Fed",Quantity: 40 Rolls,066669,6229,12/5/2025,RECV
"Kawasaki Totes
24 x 7 x 14",Quantity: 40,Customer Supplied,6229,12/4/2025,RECV
"Kawasaki Totes
24 x 7 x 14",Quantity: 60,Customer Supplied,6229,12/4/2025,RECV
"Kawasaki Totes
24 x 7 x 14",Quantity: 54,Customer Supplied,6229,12/4/2025,RECV
"Kawasaki Totes
24 x 7 x 14",Quantity: 54,Customer Supplied,6229,12/4/2025,RECV
"Kawasaki Totes
24 x 7 x 14",Quantity: 54,Customer Supplied,6229,12/4/2025,RECV
"Kawasaki Totes
24 x 7 x 14",Quantity: 60,Customer Supplied,6229,12/4/2025,RECV
"Kawasaki Totes
24 x 7 x 14",Quantity: 60,Customer Supplied,6229,12/4/2025,RECV
"Kawasaki Totes
24 x 7 x 14",Quantity: 54,Customer Supplied,6229,12/4/2025,RECV
"Kawasaki Totes
24 x 7 x 14",Quantity: 54,Customer Supplied,6229,12/4/2025,RECV
"Kawasaki Totes
15 x 7 x 12",Quantity: 96,Customer Supplied,6229,12/4/2025,RECV
"Kawasaki Totes
15 x 7 x 12",Quantity: 96,Customer Supplied,6229,12/4/2025,RECV
Kohler Crates,Quantity: Full Trailer,Customer Supplied,6229,12/3/2025,RECV
Tall Gaylords,Quantity: 720,066678,6229,12/3/2025,Outside Service
Filters,Assorted Quantitys,Vendor Supplied,6229,12/3/2025,Maint.
Insikerator Baskets,Quantity: 52,Customer Supplied,6229,12/3/2025,U-04
ICE MELT,Quantity: 55 Gallons,066581,6229,12/3/2025,RECV
Kawasaki Totes,Quantity: 72,Customer Supplied,6229,12/1/2025,Cold Storage
Kawasaki Totes,Quantity: 72,Customer Supplied,6229,12/1/2025,W-C Racking
Kawasaki Totes,Quantity: 72,Customer Supplied,6229,12/1/2025,W-C Racking
Kawasaki Totes,Quantity: 72,Customer Supplied,6229,12/1/2025,W-C Racking
Kawasaki Totes,Quantity: 72,Customer Supplied,6229,12/1/2025,W-C Racking
Kawasaki Totes,Quantity: 72,Customer Supplied,6229,12/1/2025,W-C Racking
Kawasaki Totes,Quantity: 72,Customer Supplied,6229,12/1/2025,W-C Racking
Perdraw 1043,Quantity: 330 Gallon Tote,066577,6229,11/26/2025,Next to T-A0-00
Aqua Blast II,Quantity: 55 Gallons,066367,6229,11/26/2025,Door 5
Crenlo Rack,Quantity: 1,Customer Supplied,6229,11/26/2025,RECV
Skids: 32 x 30,Quantity: 300,066465,6229,11/25/2025,Door 13
Skids: 54 x 42,Quantity: 12,066611,6229,11/25/2025,Door 13
"AR STAR9-4KP12
C10 Cluster ","Delivery (1) New
Pickup (1) Empties",066609,6229,11/25/2025,Robo-Welders
"AR-STAR14-T
C25-Argon 75%/C02 25%","Delivery (1) New
Pickkup (1) Empty ",066609,6229,11/25/2025,Vendor Delivered
Skids: 47 x 52,Quantity: 200,066467,6229,11/25/2025,"Not Sure
Material Hanlders Unloaded"
Skids: 47 x 52,Sample Pallet,Customer Supplied,6229,11/25/2025,"Not Sure
Material Hanlders Unloaded"
1/16 Allison Totes,Quantity: 180,Customer Supplied,6229,11/18/2025,RECV
1/16 Allison Totes,Quantity: 180,Customer Supplied,6229,11/18/2025,RECV
1/16 Allison Totes,Quantity: 180,Customer Supplied,6229,11/18/2025,RECV
1/16 Allison Totes,Quantity: 180,Customer Supplied,6229,11/18/2025,RECV
Insinkerator Baskets,Quantity: 24,Customer Supplied,6229,11/18/2025,RECV
Skids: 31 x 27 (For KI),Quantity: 25,Customer Supplied,6229,11/18/2025,RECV
METCHEM 6850,Quantity: 55 Gallons,066411,6229,11/18/2025,RECV
Kawasaki,Totes,Customer Supplied,6229,11/18/2025,RECV
Kawasaki RMA,Skid 1 of 2,Customer Return,6229,11/18/2025,RECV
Kawasaki RMA,Skids 2 of 2,Customer Return,6229,11/18/2025,RECV
"48 x 42 x 66 4mil
Gaylord Bags","Boxes: 10
Take to Assembly",066414,6229,11/17/2025,RECV
Kohler Crates,Quantity: Full Trailer,Customer Supplied,6229,11/17/2025,Door 5
Die Shop Material: Kevin R.,".018 x 48.00 x 120.00
316L-2B x 4",066225,6229,11/13/2025,Die Shop
Pro Performance Tractor Hydraulic Fluid,Quantity: 55 Gallons,066247,6229,11/6/2025,RECV
Perdraw 1043,Quantity: 330 Gallons,066215,6229,11/6/2025,RECV
5-Drawer Tool Cart,Cody Curtis,066149,6604,11/6/2025,Production Office
Insinkerator Baskets,Quantity: 36,Customer Supplied,6229,11/5/2025,Recv / U-04
Skids: 32 x 30,Quantity: 90,066111,6229,11/5/2025,Door 13
Skids: 74 x 40,Quantity: 24,066111,6229,11/5/2025,Door 13
Die Shop Material: 5/8 316L HRAP SS PLT x 2,CO-083672,PO-066202,6229,11/4/2025,T-00
Die Shop: Die Components,DIE SHOE 2.25 +.060/..0 X 22.00 X 52.00,065989,6229,11/4/2025,Die Shop
Linde Gas & Equipment,AR-STAR14-T,066226,6229,11/4/2025,Supplier Dropped Off
Die Shop Material: 11GA 316L-2B SS SHT x 4,CO-083672,PO-066202,6229,11/3/2025,S-00
Die Shop Material: 16GA 316L-2B SS SHT x 4,CO-083672,PO-066202,6229,11/3/2025,S-00
Die Shop Material: 5/16 316L HRAP SS PLT x 2,CO-083672,PO-066202,6229,11/3/2025,S-00
Die Shop Material: 20GA 316L-2B SS SHT x 4,CO-083672,PO-066202,6229,11/3/2025,S-00
TUF Draw 2806,Quantity: 55 Gallons,PO-066150,6229,11/3/2025,Door 5
Die Shop Die Assets,CO-82556,PO-065845,6229,11/3/2025,RECV
3 x 3 x 6 Edge Protectors,Quantity: 6400,066206,6229,11/3/2025,R-06
POLY LTR SHT PROTCR,Quantity: 55 Gallons,066163,6229,10/31/2025,Maint. Area Door 5
RCK34,Quantity: 8,Customer Supplied,6229,10/30/2025,RECV (By Office)
40 x 48 Skids,Quantity: 660,065290,6229,10/29/2025,Outside Service
Allison Totes,Quantity: 180,Customer Supplied,6229,10/29/2025,RECV
Allison Totes,Quantity: 180,Customer Supplied,6229,10/29/2025,RECV
Allison Totes,Quantity: 180,Customer Supplied,6229,10/29/2025,RECV
Insinkerator Baskets,Quantity: 37,Customer Supplied,6229,10/28/2025,RECV
Styberg Skids,Quantity: 65,Customer Supplied,6229,10/28/2025,Door 13
6 x 4 Thermal Labels,"Quantity: 48,000",066041,6229,10/28/2025,RECV
3/4 Inch Steel Banding,Quantity: 12,066040,6229,10/27/2025,T-00
Operator Shrink Wrap,Quantity: 24 Boxes,066040,6229,10/27/2025,RECV
2 Inch Tape,Quantity: 6 Boxes (216 Rolls),066040,6229,10/27/2025,RECV
12 x 12 x 6 Boxes,Quantity: 300,066078,6229,10/27/2025,RECV
12 x 12 x 6 Boxes,Quantity: 300,066078,6229,10/27/2025,RECV
Linde Gas & Equipment,Weekly Gas Order,066001,6229,10/23/2025,Robot Welders
Linde Gas & Equipment,Weekly Empty Pickup,066001,6229,10/23/2025,N/A
Linde Gas & Equipment,AR-STAR14-T,066001,6229,10/23/2025,Vendor Drop-Off
12 x 12 x 6 SW Boxes,Quantity: 500,065737,6229,10/22/2025,RECV
12 x 12 x 6 SW Boxes,Quantity: 500,065737,6229,10/22/2025,RECV
12 x 12 x 6 SW Boxes,Quantity: 500,065737,6229,10/22/2025,RECV
12 x 12 x 6 SW Boxes,Quantity: 500,065737,6229,10/22/2025,RECV
12 x 12 x 6 SW Boxes,Quantity: 500,065737,6229,10/22/2025,RECV
12 x 12 x 6 SW Boxes,Quantity: 500,065737,6229,10/22/2025,RECV
12 x 12 x 6 SW Boxes,Quantity: 500,065737,6229,10/22/2025,RECV
12 x 12 x 6 SW Boxes,Quantity: 500,065737,6229,10/22/2025,RECV
12 x 12 x 6 SW Boxes,Quantity: 500,065737,6229,10/22/2025,RECV
12 x 12 x 6 SW Boxes,Quantity: 414,065737,6229,10/22/2025,RECV
Kawasaki Totes,Quantity: 128,Customer Supplied,6229,10/22/2025,RECV
Kawasaki Totes,Quantity: 128,Customer Supplied,6229,10/22/2025,RECV
Kawasaki Totes,Quantity: 128,Customer Supplied,6229,10/22/2025,RECV
Kawasaki Totes,Quantity: 128,Customer Supplied,6229,10/22/2025,RECV
ZF Totes,Quantity: 36,Customer Supplied,6229,10/21/2025,RECV
ZF Totes,Quantity: 36,Customer Supplied,6229,10/21/2025,RECV
ZF Totes,Quantity: 36,Customer Supplied,6229,10/21/2025,RECV
ZF Totes,Quantity: 24,Customer Supplied,6229,10/21/2025,RECV
ZF Totes,Quantity: 24,Customer Supplied,6229,10/21/2025,RECV
ZF Totes,Quantity: 24,Customer Supplied,6229,10/21/2025,RECV
ZF Totes,Quantity: 24,Customer Supplied,6229,10/21/2025,RECV
ZF Totes,Quantity: 12,Customer Supplied,6229,10/21/2025,RECV
ZF Totes,Quantity: 12,Customer Supplied,6229,10/21/2025,RECV
ZF Totes,Quantity: 12,Customer Supplied,6229,10/21/2025,RECV
ZF Totes,Quantity: 12,Customer Supplied,6229,10/21/2025,RECV
ZF Totes,Quantity: 12,Customer Supplied,6229,10/21/2025,RECV
Genfoam 3,5000,065630,6130,10/13/2025,
Genfoam 2,3000,065630,6130,10/13/2025,
Genfoam 2,2000,065630,6130,10/13/2025,
Genfoam 1,1800,065630,6130,10/13/2025,
Genfoam 1,1600,065630,6130,10/13/2025,
Genfoam 1,1600,065630,6130,10/13/2025,
Genfoam 4,384,065646,6130,10/13/2025,
Genfoam 4,288,065646,6130,10/13/2025,
Genfoam 4,288,065646,6130,10/13/2025,
30 x 28 x 25,Electrolux,,6130,10/2/2025,
16 x 12 x 8,Double Wall,,6130,10/2/2025,
30 x 28 x 25,Electrolux,,6130,10/2/2025,
52 x 47,Cardboard,,6130,9/29/2025,
39 x 39,Cardboard,,6130,9/29/2025,
39 X 39,Cardboard,065306,6130,9/18/2025,recv
48 x 40,Cardboard ,065306,6130,9/18/2025,recv
Allison,Totes,,6130,9/8/2025,home
Kawasaki ,Totes,n/a,6130,9/4/2025,recv
12 x 12 x 6,Double Wall,064969,6130,9/3/2025,recv
12 x 12 x 6,Single Wall,064969,6130,9/3/2025,recv
Schaus Mechanical,Filters,n/a,6130,9/3/2025,Maintenance
48 x 40,Cardboard,064971,6130,8/27/2025,Location
Allison,Totes,,6130,8/25/2025,home
52 x 47,Cardboard,064818,6130,8/19/2025,RECV
12 X 12 X 6,single wall,064667,6130,8/14/2025,recv
12 x 12 x 6,double wall,064667,6130,8/14/2025,recv
DRAW LUBE 47,55 GAL,PO-064764,6130,8/13/2025,
Secondary Dunnage,for RCK 25,n/a,6130,8/12/2025,outside service area
32 x 30 x 25,Electrolux,063768,6130,8/12/2025,recv
40 x 48,Cardboard,,6130,8/7/2025,home
Allison,Totes,,6130,8/7/2025,home
26 x 26 x 26,Double Wall,064538,6130,8/5/2025,Recv
HYSPIN AWS 46,55 GAL,PO-064427,6130,8/4/2025,Location
Allison,Totes,n/a,6130,7/31/2025,home
Allison,Tote,n/a,6130,7/31/2025,home
12 x 12 x 6,Double Wall,064402,6130,7/31/2025,home
KAWASAKI,TOTES,NA,6130,7/25/2025,
CRENLO RACK,1,,6130,7/25/2025,
Kawasaki Totes,8 Bundles,n/a,6130,7/19/2025,
28x16x17,Boxes,064183,6604,7/17/2025,recv
Allison Totes,540,n/a,6130,7/16/2025,recv
32 X 30 Pallet,132,064016,6130,7/15/2025,door 13
40 x 48,Cardboard,064184 / 064214,6130,7/15/2025,home
Lennox Jarkies,20,n/a,6130,7/15/2025,outside service area
25 x 16 x 18 MPB0000005,250,064091,6130,7/11/2025,recv
12 x 12 x 6,single wall,064075,6130,7/11/2025,recv
12 x 12 x 6,single wall,064075,6130,7/11/2025,recv
12 x 12 x 6,single wall,064075,6130,7/11/2025,recv
12 x 12 x 6,double wall,064075,6130,7/11/2025,recv
12 x 12 x 6,double wall,064075,6130,7/11/2025,recv
40 x 48 x 28,gaylord,064075,6130,7/11/2025,recv
40 x 48 x 28,gaylord,064075,6130,7/11/2025,recv
40 x 48 x 28,gaylord,064075,6130,7/11/2025,recv
40 x 48 x 28,gaylord,064075,6130,7/11/2025,recv
40 x 48 x 28,gaylord,064075,6130,7/11/2025,recv
40 x 48 x 28,gaylord,064075,6130,7/11/2025,recv
12 X 12 X 6,Single Wall,064092,6130,7/10/2025,recv
"20"" X 5000' TUFflex",24,064142,6130,7/10/2025,t-00
"Stretch Film - 18"" X 1500' TUFflex",40,064142,6130,7/10/2025,t-00
kohler half crates,120,n/a,6130,7/9/2025,back pad
Allison Totes,360,n/a,6130,7/9/2025,recv
32 x 30 pallet,210,063937,6130,7/8/2025,door 13
32 x 30 pallet,91,064016,6130,7/8/2025,door 13
20x20 pallets,25,n/a,6130,7/8/2025,
42 x 24 x 30,105,063851,6130,7/2/2025,assembly
42 x 24 x 30,145,063851,6130,7/2/2025,assembly
40 x 48,Cardboard,063938,6130,6/30/2025,home
32 x 30 x 25, electrolux,063329,6130,6/19/2025,recv
40 x 48,Cardboard,063800,6130,6/19/2025,recv
16 X 38 1/2,Sheets,062945,6130,6/18/2025,home
Stretch Film,24,063689,6130,6/13/2025,T-00
40 x 48,cardboard,063698,6130,6/13/2025,home
Kawasaki,Totes,n/a,6130,6/12/2025,home
48 x 40 x 30,Gaylord,063654,6130,6/11/2025,home
 32 x 30 x 25,Box,063329,6130,6/11/2025,home
40 x 48,cardboard,063633,6130,6/10/2025,home
12 x 12 x 6 ,Single Wall,063511,6130,6/9/2025,home
27-7/8 x 15-15/16 x 16-3/4 ,559,063410,6130,6/9/2025,home
23-12161-005,100000,061234,6130,6/6/2025,recv
39*39 20059201-4001,405,063247,6130,6/5/2025,home
48 x 40,1320,062706,6130,6/4/2025,back pad
MTM baskets,20,n/a,6130,6/4/2025,around town
47 x 52 ,Cardboard,063118,6130,6/3/2025,Recv
Styberg Skids,65,n/a,6130,6/3/2025,door 13
TUFflex 80GA,Quantity: 24 Boxes,063480,6229,6/2/2025,
52 x 43 x 29,bulk bin,062843,6130,6/2/2025,recv
Box - 25 x 16 x 18,250,063410,6130,5/30/2025,home
40 x 48,Cardboard,063436,6130,5/29/2025,home
lennox jarkies,20,n/a,6130,5/28/2025,outside service area
48x40x30,Gaylord,063399,6130,5/28/2025,recv
39 x 39,Cardboard,063247,6229,5/27/2025,RECV
39 x 39,Cardboard,063247,6229,5/27/2025,RECV
39 x 39,Cardboard,063247,6229,5/27/2025,RECV
39 x 39,Cardboard,063247,6229,5/27/2025,RECV
39 x 39,Cardboard,063247,6229,5/27/2025,RECV
12 x 12 x 6 Boxes,Single Walled,063247,6229,5/27/2025,RECV
JD AKK543,1,n/a,6130,5/23/2025,v-b0
Lennox Jarkies,20,n/a,6130,5/22/2025,outside service area
MTM Insink Baskets,25,n/a,6130,5/22/2025,U-04 / 100-25 area
47 x 52,145,063137,6130,5/21/2025,back pad
Gray Kawasaki Totes,2 skids,n/a,6130,5/21/2025,recv
LENNOX Jarkies,20,n/a,6130,5/20/2025,R-04
47 x 52,135,063137,6130,5/20/2025,back pad
akk543,2,n/a,6130,5/19/2025,v-b0
akk46582,1,n/a,6130,5/19/2025,v-b0
mmc0000379,461,063035,6130,5/19/2025,recv
JD racks,8,n/a,6130,5/19/2025,
 MTM Insink baskets,14,n/a,6130,5/16/2025,100-25 area
kawasaki totes,13,n/a,6130,5/16/2025,recv
32 x 30 x 15,Box,062876,6130,5/15/2025,home
AKK543,4,n/a,6130,5/13/2025,
Akk46582,1,n/a,6130,5/13/2025,
Allison,Totes,n/a,6130,5/10/2025,
26x26x26 Boxes,Quantity: 75,,6229,5/9/2025,
26x26x26 Boxes,Quantity: 75,,6229,5/9/2025,
26x26x26 Boxes,Quantity: 78,,6229,5/9/2025,
26x26x26 Boxes,Quantity: 78,,6229,5/9/2025,
26x26x26 Boxes,Quantity: 79,,6229,5/9/2025,
26x26x26 Boxes,Quantity: 79,,6229,5/9/2025,
26x26x26 Boxes,Quantity: 80,,6229,5/9/2025,
26x26x26 Boxes,Quantity: 80,,6229,5/9/2025,
26x26x26 Boxes,Quantity: 82,,6229,5/9/2025,
26x26x26 Boxes,Quantity: 82,,6229,5/9/2025,
26x26x26 Boxes,Quantity: 82,,6229,5/9/2025,
26x26x26 Boxes,Quantity: 82,,6229,5/9/2025,
26x26x26 Boxes,Quantity: 84,,6229,5/9/2025,
26x26x26 Boxes,Quantity: 84,,6229,5/9/2025,
26x26x26 Boxes,Quantity: 86,,6229,5/9/2025,
26x26x26 Boxes,Quantity: 86,,6229,5/9/2025,
26x26x26 Boxes,Quantity: 95,,6229,5/9/2025,
26x26x26 Boxes,Quantity: 95,,6229,5/9/2025,
26x26x26 Boxes,Quantity: 98,,6229,5/9/2025,
26x26x26 Boxes,Quantity: 98,,6229,5/9/2025,
EP220-55,55 gallons,063045,6130,5/8/2025,home
 AW 32-55,55 gallons,063045,6130,5/8/2025,home
68-55,55 gallons,063045,6130,5/8/2025,home
12x12x6,Single Wall,063022,6130,5/7/2025,
12x12x6,Double Wall,063022,6130,5/6/2025,recv
48x40x30,Short Gaylord,063020,6130,5/6/2025,
40 x 48,cardboard,062945,6130,5/2/2025,home
stretch film 18 x 1500 ft,25 cases,062936,6130,5/2/2025,t-00
stretch film 20 x 5000 ft,40 rolls,062936,6130,5/2/2025,t-00
3/4 strapping,12 coils,062936,6130,5/2/2025,t-00
Allison,Totes,n/a,6130,5/2/2025,
Kohler Half Crates,120,n/a,6130,4/25/2025,
40 x 48,cardboard,n/a,6130,4/25/2025,home
lennox jarkies,20,n/a,6130,4/24/2025,
MANITOWOC dunnage basket (insink),14,,6130,4/24/2025,
12 x 12 x 6,double wall,062833,6130,4/23/2025,home
12 x 12 x 6 ,single wall,062743,6130,4/23/2025,home
JD Rack - AKK543,3,,6130,4/18/2025,100-31 / charging stations
JD Rack - AKK46582,1,,6130,4/18/2025,
Styberg Skids,65,,6130,4/18/2025,
 JD racks Akk543,2,,6130,4/18/2025,next to 100-15
JD racks a5546582,1,,6130,4/18/2025,next to 100-15
23-14200-045,9000,061235,6130,4/18/2025,recv
23-14200-045,9000,061235,6130,4/18/2025,recv
23-14200-045,7000,061235,6130,4/18/2025,recv
Lennox Jarkies,20,,6130,4/16/2025,
Gaylord 48x40x30,427,062692,6130,4/16/2025,
Manitowoc Dunnage Basket (insink),9,none,6130,4/14/2025,
allison totes,360,n/a,6130,4/14/2025,
Blue Lennox Jarkies,15,cust supply,6130,4/11/2025,
Gaylords - Short,600,not provided,6130,4/11/2025,
Manitowoc Dunnage Basket (insink),11,,6130,4/10/2025,100-25 area
JD Rack AKK543,10,,6130,4/10/2025,V-B0-00
JD Rack AKK46582,5,,6130,4/10/2025,V-B0-00
Kawasaki Totes (gray),1600,,6130,4/9/2025,v-b0 / cold storage
Manitowoc Dunnage Basket (insink),8,,6130,4/8/2025,
39 x 39,Cardboard,062331,6130,4/8/2025,
Lennox Jarkies,32,,6229,4/7/2025,outside service area
Tall Kohler crates,30,,6229,4/7/2025,
JD Rack AKK543,7,,6130,4/7/2025,v-b0-00
Manitowoc Dunnage Bskt (insink),11,,6130,4/4/2025,100-25ish
Styberg Skids,65,,6130,4/4/2025,
16 x 12 x 8,Volvo Boxes,,6229,4/4/2025,
24 x 16 x 8,Volvo Boxes,,6229,4/4/2025,
39 x 39,Cardboard - Vits,,6229,4/4/2025,
39 x 39,Cardboard - Vits,,6229,4/4/2025,
39 x 39,Cardboard - Vits,,6229,4/4/2025,
39 x 39,Cardboard - Vits,,6229,4/4/2025,
39 x 39,Cardboard - Vits,,6229,4/4/2025,
39 x 39,Cardboard - Vits,,6229,4/4/2025,
40 x 48,Cardboard - Vits,,6229,4/4/2025,
40 x 48,Cardboard - Vits,,6229,4/4/2025,
40 x 48,Cardboard - Vits,,6229,4/4/2025,
40 x 48,Cardboard - Vits,,6229,4/4/2025,
Racking,Materials,,6229,4/4/2025,
Racking,Corner Guards,,6229,4/4/2025,
Racking,Gray Mesh,,6229,4/4/2025,
Racking,Gray Mesh,,6229,4/4/2025,
32 x 30 x 25,box,061560,6130,4/2/2025,recv
39 x 39,cardboard,062203,6130,4/2/2025,recv
12 x 12 x 6,double wall,062423,6130,4/2/2025,recv
Manitowoc Dunnage Basket (insink),11,,6130,4/2/2025,near 100-25
JD AKK543,4,,6130,4/2/2025,v-b0-00
JD AKK46582,1,,6130,4/2/2025,v-b0-00
styberg skids,50,,6130,3/31/2025,door 13
Kohler crates,80ish?,,6130,3/31/2025,
Manitowoc Dunnage Bskt (insink),15,,6130,3/28/2025,home
lennox totes,4 stacks,,6130,3/28/2025,home
Lennox Jarkies,15,,6130,3/28/2025,
AKK543,2,,6130,3/28/2025,v-b0-00
akk46582,1,,6130,3/28/2025,v-b0-00
40 x 48, cardboard,062330,6130,3/28/2025,home
48x40x30 ,gaylord,062354,6130,3/28/2025,home
40 x 48, cardboard,062285,6130,3/28/2025,home
RCA05,144,,6130,3/27/2025,Assembly
GMS310,180,,6130,3/27/2025,home
45 x 48 pallet,1,,6130,3/27/2025,home
GMS310,180,,6130,3/27/2025,home
45 x 48 pallet,1,,6130,3/27/2025,home
GMS310,180,,6130,3/27/2025,home
45 x 48 pallet,1,,6130,3/27/2025,home
GMS310,180,,6130,3/27/2025,home
45 x 48 pallet,1,,6130,3/27/2025,home
AKK543,4,,6130,3/27/2025,V-B0-00
AKK46582,2,,6130,3/27/2025,V-B0-00
Polypropylene strapping,12 boxes,,6130,3/26/2025,
40 x 48,Cardboard (Vits),062308,6229,3/26/2025,DD-E Racking
40 x 48,Cardboard (Vits),062308,6229,3/26/2025,DD-E Racking
40 x 48,Cardboard (Vits),062308,6229,3/26/2025,DD-E Racking
40 x 48,Cardboard (Vits),062308,6229,3/26/2025,DD-E Racking
40 x 48,Cardboard (Vits),062308,6229,3/26/2025,DD-E Racking
40 x 48,Cardboard (Vits),062308,6229,3/26/2025,DD-E Racking
12 x 12 x 12 ,Single Wall,062201,6130,3/25/2025,home
Insink baskets,11,,6130,3/25/2025,
AKK543 (JD),3,,6130,3/25/2025,recv
AKK46582,1,,6130,3/25/2025,recv
Kurt Wilker / Pallet Jack,1,062264,6130,3/24/2025,Quality
Shawn Snyder / Kraft Paper Roll,6 rolls,062264,6130,3/24/2025,
RCG25,32,,6130,3/24/2025,outside
rca05,144,,6130,3/24/2025,outside
John Deere,Pad / Gaylord (40),,6130,3/21/2025,Home
John Deere,Skid (40),,6130,3/21/2025,
John Deere,Skid (40),,6130,3/21/2025,home
Manitowoc Dunnage Basket (insink),14,,6130,3/21/2025,100-25 area
1/2 Kohler crates,90ish,,6130,3/21/2025,
Styberg Skids,50,,6130,3/21/2025,
John Deere Skid - 41 1/4 x 44 3/4,40,,6130,3/20/2025,Recv
John Deere skid - 45 x 41 1/2 x 18,40,,6130,3/20/2025,Recv
John Deere skid - 44 x 47 x 4 3/8,40,,6130,3/20/2025,
12 x 12 x 6,Single Wall,062204,6130,3/18/2025,
12 x 12 x 6 ,Double Wall,062151,6130,3/17/2025,
Manitowoc Dunnage Basket (insink),8,,6130,3/14/2025,
Kawaski Returnables,"Six (6) skids, grey",,6130,3/14/2025,
48*40*30,Gaylords,,6130,3/12/2025,
Manitowoc Dunnage Basket (insink),17,,6130,3/12/2025,
12x12x12,SIngle Wall,062016,6130,3/11/2025,home
40 x 48,cardboard,,6130,3/10/2025,
Styberg Skids,50,,6130,3/10/2025,Outside door 13 / awning
MTM branded wire baskets (insink),20,,6130,3/10/2025,home
Kohler Half Crates,65,,6130,3/10/2025,back pad
IMD382607 / AKK543,4,,6130,3/10/2025,u-b0-00
IMD419925 / AKK46582,2,,6130,3/10/2025,
ariens totes,16,n/a,6130,3/7/2025,
manitowoc dunnage basket,14,,6130,3/7/2025,home location
wire baskets,40,,6130,3/7/2025,
32x30x25 electrolux veritiv,630,061560,6130,3/7/2025,
manitowoc dunnage basket,8,n/a,6130,3/5/2025,home
tkit medium tote ZF,10,n/a,6130,3/5/2025,home
tkit medium tote ZF,10,n/a,6130,3/5/2025,home
kohler half crates,130,,6130,3/3/2025,home location
manitowoc dunnage basket / metal crate,10,,6130,3/3/2025,
tall kohler crate,4,,6130,3/3/2025,home location
short kohler crate,52,,6130,3/3/2025,home location
Short Kohler Crates,Full Truck,Customer Supplied,6229,2/28/2025,Outside Door 5
Short Kohler Crates,Full Truck,Customer Supplied,6229,2/28/2025,Outside Door 5
Short Kohler Crates,Full Truck,Customer Supplied,6229,2/28/2025,Outside Door 5
John Deere Racks - AKK543,Quantity: 10,Customer Supplied,6229,2/28/2025,V-F Area
John Deere Racks - AKK46582,Quantity: 12,Customer Supplied,6229,2/28/2025,V-F Area
Garnet,Quantity: 6 Skids,061848,6229,2/28/2025,R-05
Insinkerator Baskets,Quantity: 11,Customer Supplied,6229,2/27/2025,Home Location
39 x 39,Cardboard,061751,6229,2/27/2025,Home Location
39 x 39,Cardboard,061751,6229,2/27/2025,Home Location
39 x 39,Cardboard,061751,6229,2/27/2025,Home Location
39 x 39,Cardboard,061751,6229,2/27/2025,Home Location
39 x 39,Cardboard,061751,6229,2/27/2025,Home Location
39 x 39,Cardboard,061751,6229,2/27/2025,Home Location
1043 Perdraw,Quantity: 330 Gallons,061728,6229,2/27/2025,U-A0-00
Lennox Jarkies,Quantity: 20,Customer Supplied,6229,2/27/2025,R-04
NOU LEE,U LINE ORDER,061754,6130,2/26/2025,QUALITY
40 x 48,Cardboard,061792,6130,2/26/2025,Home Location
40 x 48,Cardboard,061792,6130,2/26/2025,Home Location
40 x 48,Cardboard,061792,6130,2/26/2025,Home Location
40 x 48,Cardboard,061792,6130,2/26/2025,Home Location
40 x 48,Cardboard,061792,6130,2/26/2025,Home Location
40 x 48,Cardboard,061792,6130,2/26/2025,Home Location
40 x 48,Cardboard,061792,6130,2/26/2025,Home Location
40 x 48,Cardboard,061792,6130,2/26/2025,Home Location
40 x 48,Cardboard,061792,6130,2/26/2025,Home Location
John Deere Racks,Quantity: 7,Customer Supplied,6229,2/26/2025,RECV
16 x 12 x 8,Boxes,,6229,2/26/2025,Home Location
16 x 12 x 8,Boxes,,6229,2/26/2025,Overflow
012725-Foam 1,Quantity: 1768,061506,6229,2/24/2025,
012725-Foam 1,Quantity: 1768,061506,6229,2/24/2025,
012725-Foam 1,Quantity: 1464,061506,6229,2/24/2025,
012725-Foam 2,Quantity: 2000,061506,6229,2/24/2025,
012725-Foam 2,Quantity: 2000,061506,6229,2/24/2025,
012725-Foam 2,Quantity: 1000,061506,6229,2/24/2025,
012725-Foam 3,Quantity: 5000,061506,6229,2/24/2025,
MPB0000017 - TOP,Quantity: 150,058649,6229,2/24/2025,
MPB0000017 - TOP,Quantity: 150,058649,6229,2/24/2025,
MPB0000017 - BOTTOM,Quantity: 150,058649,6229,2/24/2025,
MPB0000017 - BOTTOM,Quantity: 150,058649,6229,2/24/2025,
MPB0000017 - TOP,Quantity: 85,058649,6229,2/24/2025,
MPB0000017 - BOTTOM,Quantity: 85,058649,6229,2/24/2025,
John Deere Racks - IMD382607,Quantity: 9,Customer Supplied,6229,2/24/2025,
John Deere Racks - IMD419925,Quantity: 1,Customer Supplied,6229,2/24/2025,
12X12X6,DOUBLE WALL,061697,6130,2/21/2025,RECV
1/4 Inch,Steel Banding,061625,6229,2/19/2025,T-A Racking
Kawasaki,Totes,Customer Supplied,6229,2/19/2025,T-00
Kawasaki,Totes,Customer Supplied,6229,2/19/2025,T-00
Kawasaki,Totes,Customer Supplied,6229,2/19/2025,T-00
"0.0610"" to 0.7500""
NO-Go Gauges",Quantity: 690,061561,6229,2/18/2025,Quality
Allison,Totes,Customer Supplied,6229,2/18/2025,Home Location
Allison,Totes,Customer Supplied,6229,2/18/2025,Home Location
Allison,Totes,Customer Supplied,6229,2/18/2025,Home Location
Allison,Totes,Customer Supplied,6229,2/18/2025,Home Location
Kawasaki,Totes,Customer Supplied,6229,2/18/2025,T-00
Kawasaki,Totes,Customer Supplied,6229,2/18/2025,T-00
Kawasaki,Totes,Customer Supplied,6229,2/18/2025,T-00
Kawasaki,Totes,Customer Supplied,6229,2/18/2025,T-00
40 x 48,Cardboard,061578,6229,2/18/2025,V-A0-00 (Floor)
40 x 48,Cardboard,061578,6229,2/18/2025,V-A0-00 (Floor)
40 x 48,Cardboard,061578,6229,2/18/2025,V-A0-00 (Floor)
40 x 48,Cardboard,061578,6229,2/18/2025,V-A0-00 (Floor)
40 x 48,Cardboard,061578,6229,2/18/2025,V-A0-00 (Floor)
Lennox Jarkies,Quantity: 20,Customer Supplied,6229,2/18/2025,Outside Service
Insinkerator Wire Baskets,Quantity: 12,Customer Supplied,6229,2/17/2025,Home Location
JOHN DEERE RACKS,AKK46582 X 2,Customer Supplied,6655,2/17/2025,WELDING AREA
JOHN DEERE RACKS,AKK543 X 5,Customer Supplied,6655,2/17/2025,WELDING AREA
TUFF DRAW,55 GAL,061504,6655,2/17/2025,U-A0-00
ZF Totes,Quantity: 15 Skids,Customer Supplied,6229,2/17/2025,Behind 100-14 (Hopper Side)
85 x 40 Skids,Quantity: 24,061028,6655,2/14/2025,Door 13
Repaired 47 x 52 Skids,Quantity: 43,061026,6655,2/14/2025,Door 13
32 x 30 Skids,Quantity: 300,061420,6655,2/13/2025,Door 13
Mineral Spirits,Quantity: 55 Gallons,061503,6229,2/13/2025,U-A0-00
12 x 12 x 6 Boxes,Single Walled,061501,6655,2/12/2025,Home Location
12 x 12 x 6 Boxes,Single Walled,061501,6655,2/12/2025,Home Location
12 x 12 x 6 Boxes,Single Walled,061501,6655,2/12/2025,Home Location
12 x 12 x 6 Boxes,Single Walled,061501,6655,2/12/2025,Home Location
39 x 39,Cardboard,061502,6655,2/12/2025,Home Location
39 x 39,Cardboard,061502,6655,2/12/2025,Home Location
39 x 39,Cardboard,061502,6655,2/12/2025,Overflow
39 x 39,Cardboard,061502,6655,2/12/2025,Overflow
39 x 39,Cardboard,061502,6655,2/12/2025,Overflow
40 x 48,Cardboard,061500,6655,2/12/2025,Home Location
40 x 48,Cardboard,061500,6655,2/12/2025,Home Location
40 x 48,Cardboard,061500,6655,2/12/2025,Home Location
40 x 48,Cardboard,061500,6655,2/12/2025,Home Location
40 x 48,Cardboard,061500,6655,2/12/2025,Home Location
40 x 48,Cardboard,061500,6655,2/12/2025,Home Location
40 x 48,Cardboard,061500,6655,2/12/2025,Home Location
40 x 48,Cardboard,061500,6655,2/12/2025,Home Location
42x42 Pallets,Quantity: 20,060220,6655,2/12/2025,Home Location
Handheld,Shrink Wrap,061505,6655,2/12/2025,T-00
John Deer Racks,AKK46582 x 4,Customer Supplied,6229,2/12/2025,Welding Area
John Deer Racks,AKK543 x 5,Customer Supplied,6229,2/12/2025,Welding Area
100 x 40 Skids,Quantity: 15,061339,6229,2/11/2025,Vits
42 x 54 Skids,Quantity: 20,061170,6229,2/11/2025,Expo - Door 13
42 x 54 Skids,Quantity: 25,061339,6229,2/11/2025,Vits
74 x 40 Skids,Quantity: 16,061170,6229,2/11/2025,Vits
74 x 40 Skids,Quantity: 24,061170,6229,2/11/2025,Expo - Door 13
85 x 40 Skids,Quantity: 10,061028,6229,2/11/2025,Vits
85 x 40 Skids,Quantity: 13,061028,6229,2/11/2025,Expo - Door 13
16 x 38.5 Cardboard,Quantity: 318,061027,6229,2/10/2025,V-B0-00
16 x 38.5 Cardboard,Quantity: 400,061027,6229,2/10/2025,V-B0-00
16 x 38.5 Cardboard,Quantity: 414,061027,6229,2/10/2025,V-B0-00
16 x 38.5 Cardboard,Quantity: 425,061027,6229,2/10/2025,V-B0-00
16 x 38.5 Cardboard,Quantity: 463,061027,6229,2/10/2025,V-B0-00
3/4 Inch Steel Banding,Quantity: 12,061431,6229,2/10/2025,T Bay
Daimler Blue Racks,Quantity: 32,Customer Supplied,6229,2/10/2025,V-A0-00
Edge Protectors,Size: 3 x 3 x 6,061433,6229,2/10/2025,R-06
Insinkerator Baskets,Quantity: 9,Customer Supplied,6229,2/10/2025,U-04
Nylon Banding,Quantity: 12,061426,6229,2/10/2025,T Bay
Perdraw 1403,Quantity: 330 Gallons,061427,6229,2/10/2025,Next to Dock 1
Short Kohler Crates,Quantity: ,Customer Supplied,6229,2/10/2025,RECV
Tall Kohler Crates,Quantity: ,Customer Supplied,6229,2/10/2025,RECV
"TUFflex 80ga 18 "" x 1500 '",STRETCH FILM,061432,6229,2/10/2025,T Bay
100 x 40 Skids,Quantity: 10,061259,6229,2/7/2025,Door 13
32 x 30 Skids,Quantity: 100,061420,6229,2/7/2025,Door 13
32 x 30 x 15 Box,Electrolux Boxes,061169,6229,2/7/2025,"V-B0-28, 29, 30"
32 x 30 x 15 Box,Electrolux Boxes,061169,6229,2/7/2025,"V-B0-28, 29, 30"
32 x 30 x 15 Box,Electrolux Boxes,061169,6229,2/7/2025,"V-B0-28, 29, 30"
32 x 30 x 15 Box,Electrolux Boxes,061169,6229,2/7/2025,"V-B0-28, 29, 30"
32 x 30 x 15 Box,Electrolux Boxes,061169,6229,2/7/2025,"V-B0-28, 29, 30"
32 x 30 x 15 Box,Electrolux Boxes,061169,6229,2/7/2025,"V-B0-28, 29, 30"
32 x 30 x 15 Box,Electrolux Boxes,061169,6229,2/7/2025,"V-B0-28, 29, 30"
32 x 30 x 15 Box,Electrolux Boxes,061169,6229,2/7/2025,"V-B0-28, 29, 30"
32 x 30 x 15 Box,Electrolux Boxes,061169,6229,2/7/2025,"V-B0-28, 29, 30"
32 x 30 x 15 Box,Electrolux Boxes,061169,6229,2/7/2025,"V-B0-28, 29, 30"
32 x 30 x 15 Box,Electrolux Boxes,061169,6229,2/7/2025,"V-B0-28, 29, 30"
32 x 30 x 15 Box,Electrolux Boxes,061169,6229,2/7/2025,"V-B0-28, 29, 30"
32 x 30 x 15 Box,Electrolux Boxes,061169,6229,2/7/2025,"V-B0-28, 29, 30"
32 x 30 x 15 Box,Electrolux Boxes,061169,6229,2/7/2025,"V-B0-28, 29, 30"
32 x 30 x 15 Box,Electrolux Boxes,061169,6229,2/7/2025,"V-B0-28, 29, 30"
32 x 30 x 15 Box,Electrolux Boxes,061169,6229,2/7/2025,"V-B0-28, 29, 30"
32 x 30 x 15 Box,Electrolux Boxes,061169,6229,2/7/2025,"V-B0-28, 29, 30"
32 x 30 x 15 Box,Electrolux Boxes,061169,6229,2/7/2025,"V-B0-28, 29, 30"
32 x 30 x 15 Box,Electrolux Boxes,061169,6229,2/7/2025,"V-B0-28, 29, 30"
32 x 30 x 15 Box,Electrolux Boxes,061169,6229,2/7/2025,"V-B0-28, 29, 30"
32 x 30 x 15 Box,Electrolux Boxes,061169,6229,2/7/2025,"V-B0-28, 29, 30"
32 x 30 x 15 Box,Electrolux Boxes,061169,6229,2/7/2025,"V-B0-28, 29, 30"
32 x 30 x 15 Box,Electrolux Boxes,061169,6229,2/7/2025,"V-B0-28, 29, 30"
74 x 40 Skids,Quantity: 26,060981,6229,2/7/2025,Door 13
85 x 40 Skids,Quantity: 15,060981,6229,2/7/2025,Door 13
Lennox Jarkies,Quantity: 20,Customer Supplied,6229,2/7/2025,R-05
Tall Gaylords,Quantity: 600,061284,6229,2/7/2025,"R-04 Area (Tim Unloaded these, not 100% sure where he put them)"
Blue Spruce Cleaner,Quantity: 2 Boxes,061384,6229,2/6/2025,RECV
Fire Ball Cleaner,Quantity: 1 Box,061384,6229,2/6/2025,RECV
Sparkle Cleaner,Quantity: 2 Boxes,061384,6229,2/6/2025,RECV
Sunbath Cleaner,Quantity: 1 Box,061384,6229,2/6/2025,RECV
40 x 48 Cardboard,Quantity: 350,061355,6229,2/5/2025,Home Location
40 x 48 Cardboard,Quantity: 350,061355,6229,2/5/2025,Home Location
40 x 48 Cardboard,Quantity: 350,061355,6229,2/5/2025,Home Location
40 x 48 Cardboard,Quantity: 350,061355,6229,2/5/2025,Home Location
40 x 48 Cardboard,Quantity: 350,061355,6229,2/5/2025,Home Location
42 x 54 Skids,Quantity: 30,061170,6229,2/5/2025,Door 13
Insinkerator Baskets,Quantity: 3,Customer Supplied,6229,2/5/2025,U-04
Bathroom Goods,Janitor's Closet,061357,6229,2/4/2025,Janitor's Closet
Insinkerator Baskets,Quantity: 17,Customer Supplied,6229,2/4/2025,U-04
Insinkerator Baskets,Quantity: 9,Customer Supplied,6229,2/4/2025,U-04
John Deere Dunnage,AKK46582 x 1,Customer Supplied,6229,2/4/2025,Robot Area
John Deere Dunnage,AKK543 x 4,Customer Supplied,6229,2/4/2025,Robot Area
CO-075597,"Bodycoat
Attention: Bill Schmidt",061278,6229,2/3/2025,Die Shop
Daimler Racks,Quantity: 28,Customer Supplied,6229,2/3/2025,In front of U-B
Insinkerator Baskets,Quantity: 8,Customer Supplied,6229,2/3/2025,U-04
John Deere Racks,"Part: AKK46582
Quantity: 1",Customer Supplied,6229,2/3/2025,RECV
John Deere Racks,"Part: AKK543
Quantity: 5",Customer Supplied,6229,2/3/2025,RECV
Lennox Foldables,Quantity: 16,Customer Supplied,6229,2/3/2025,Outside Door 13
Lennox Jarkies,Quantity: 20,Customer Supplied,6229,2/3/2025,R-04
Thermal Labels,"Quantity: 18 Boxes
Quantity: 72 Rolls",061260,6229,2/3/2025,T-Bay
John Deere Racks,"Part: AKK46582
Quantity: 2",Customer Supplied,6229,1/31/2025,Welding Booth (Robots)
John Deere Racks,"Part: AKK543
Quantity: 4",Customer Supplied,6229,1/31/2025,Welding Booth (Robots)
Metchem 6850,Quantity: 55 Gallons,061163,6229,1/31/2025,U-04
Short Gaylords,Quantity: 400,061287,6229,1/31/2025,End of R-A/B Isle
"WRE010220 .010""/.25mm Dia.",Attention: Bill Schmidt,061242,6229,1/31/2025,Die Shop
Nou Lee,Calibrated Tools,060856,6229,1/30/2025,Quality
CRAFTSMAN S2000 26IN 5-DRAWER CABINET,Attention: Nou Lee,061064,6229,1/29/2025,Quality
"CRAFTSMAN S2000 26IN 5-DRAWER CABINET
REPLACEMENT",Attention: Nou Lee,061064,6229,1/29/2025,Quality
Kawasaki,Totes,Customer Supplied,6229,1/29/2025,Near Press 100-15
Kawasaki,Totes,Customer Supplied,6229,1/29/2025,Near Press 100-15
Kawasaki,Totes,Customer Supplied,6229,1/29/2025,Near Press 100-15
Kawasaki Return,Part Number: M10474,Customer Supplied,6229,1/29/2025,Quality
Kawasaki Return,Part Number: M10474,Customer Supplied,6229,1/29/2025,Quality
Rolling Table,Take to Vits Drive,061024,6229,1/29/2025,RECV
Rolling Table,Take to Vits Drive,061024,6229,1/29/2025,RECV
V-EMB-1,Volvo Skids,061270,6229,1/29/2025,V-F0-01
V-EMB-2,Volvo Skids,061270,6229,1/29/2025,V-N0-19
12 x 12 x 6 Boxes,Single Walled,061168,6229,1/27/2025,Home Location
12 x 12 x 6 Boxes,Single Walled,061168,6229,1/27/2025,Home Location
CO-075596,Attention: Bill Schmidt,061152,6229,1/27/2025,Die Shop
Insinkerator Wire Baskets,Quantity: 13,Customer Supplied,6229,1/27/2025,U-04
John Deere Racks,Quantity: AKK46582 x 2 / AK543 x 5,Customer Supplied,6229,1/27/2025,U-04
Manual Hydraulic Fork Truck Jack,Attention: Paul Leitermann,061144,6229,1/27/2025,Maintenance
Styberg Skids,Quantity: 60,Customer Supplied,6229,1/27/2025,V-F0-01 (For Now)
Versalock Vise,Attention: Bill Schmidt,060835,6229,1/27/2025,Die Shop
 12X12X6 Boxes,Double Walled,061167,6229,1/24/2025,Home Location
 12X12X6 Boxes,Double Walled,061167,6229,1/24/2025,Home Location
12 x 12 x 12 Boxes,Single Walled,061166,6229,1/24/2025,Home Location
12 x 12 x 12 Boxes,Single Walled,061166,6229,1/24/2025,Home Location
32 x 30 x 15 Boxes,Electrolux Boxes,060376,6229,1/24/2025,Floor - In front of V-N Racking
32 x 30 x 15 Boxes,Electrolux Boxes,060376,6229,1/24/2025,Floor - In front of V-N Racking
32 x 30 x 15 Boxes,Electrolux Boxes,060376,6229,1/24/2025,Floor - In front of V-N Racking
32 x 30 x 15 Boxes,Electrolux Boxes,060376,6229,1/24/2025,Floor - In front of V-N Racking
32 x 30 x 15 Boxes,Electrolux Boxes,060376,6229,1/24/2025,Floor - In front of V-N Racking
32 x 30 x 15 Boxes,Electrolux Boxes,060376,6229,1/24/2025,Floor - In front of V-N Racking
32 x 30 x 15 Boxes,Electrolux Boxes,060376,6229,1/24/2025,Floor - In front of V-N Racking
32 x 30 x 15 Boxes,Electrolux Boxes,060376,6229,1/24/2025,Floor - In front of V-N Racking
32 x 30 x 15 Boxes,Electrolux Boxes,060376,6229,1/24/2025,Floor - In front of V-N Racking
40 x 48,Cardboard,061164,6229,1/24/2025,Home Location
40 x 48,Cardboard,061164,6229,1/24/2025,Home Location
40 x 48,Cardboard,061164,6229,1/24/2025,Home Location
40 x 48,Cardboard,061164,6229,1/24/2025,Home Location
40 x 48,Cardboard,061164,6229,1/24/2025,Home Location
"6' Bench Without Back
U-Line Part #: H-2295BL-P","Attention: Paul Leitermann
Maintenance",061045,6229,1/24/2025,RECV
Allison,Totes,Customer Supplied,6229,1/24/2025,RECV
Allison,Totes,Customer Supplied,6229,1/24/2025,RECV
Allison,Totes,Customer Supplied,6229,1/24/2025,RECV
Allison,Totes,Customer Supplied,6229,1/24/2025,RECV
Kawasaki,Totes,Customer Supplied,6229,1/24/2025,WC
Kawasaki,Totes,Customer Supplied,6229,1/24/2025,In front of door 9
Kawasaki,Totes,Customer Supplied,6229,1/24/2025,In front of door 9
Kawasaki,Totes,Customer Supplied,6229,1/24/2025,In front of door 9
Kawasaki,Totes,Customer Supplied,6229,1/24/2025,In front of door 9
MTM Crates,Quantity: 17,Returns,6229,1/24/2025,Outside Door 5
Tuff Draw,Quantity: 55 Gallons,061083,6229,1/24/2025,U-A0-00
40 x 48,Cardboard,061086,6229,1/23/2025,Rack by 100-15
40 x 48,Cardboard,061086,6229,1/23/2025,Rack by 100-15
40 x 48,Cardboard,061086,6229,1/23/2025,Rack by 100-15
40 x 48,Cardboard,061086,6229,1/23/2025,Rack by 100-15
40 x 48,Cardboard,061086,6229,1/23/2025,Rack by 100-15
40 x 48,Cardboard,061086,6229,1/23/2025,Rack by 100-15
Auto Wrapper Shrink Wrap,Quantity: 40 Rolls,061065,6229,1/23/2025,Rack by 100-15
Big and Tall Office Chairs x 2,Attention: Jonathan @ Vits,061025,6229,1/23/2025,RECV
"Galvaneal A40
DDS  ASTM 1008",Attention: Tony Junk,061066,6229,1/23/2025,Die Shop
"High Capacity Pleated Air Filter, 16x25x1, MERV 8",Attention: Paul Leitermann,061104,6229,1/23/2025,RECV
Operator Shrink Wrap,Quantity: 100 Rolls / 25 Boxes,061065,6229,1/23/2025,T - Bay
"16"" x 6"" Polypropylene Strapping",Quantity: 12 Boxes,061105,6229,1/22/2025,T - Bay
RCG25 (Small John Deere Foldable),Quantity: 24 Totes,Customer Supplied,6229,1/22/2025,Outside Receive
RCK25 (Medium John Deere Foldable),Quantity: 16 Totes,Customer Supplied,6229,1/22/2025,Outside Receive
John Deere Cardboard,Quantity: 40,Customer Supplied,6229,1/21/2025,S-E Racking
John Deere Gaylords,Quantity: 40,Customer Supplied,6229,1/21/2025,S-E Racking
John Deere Skids,Quantity: 13,Customer Supplied,6229,1/21/2025,S-E Racking
John Deere Skids,Quantity: 13,Customer Supplied,6229,1/21/2025,S-E Racking
John Deere Skids,Quantity: 13,Customer Supplied,6229,1/21/2025,S-E Racking
SHT CS A60 ROHS DRY 10 GA X 60 X 120,Attention: Kevin Reichwaldt,060245,6229,1/21/2025,"S-00, Non-Visual Item"
"SHT CS-B A60 ROHS DRY 10 GA X 48 X 120
Replacement Material",Attention: Kevin Reichwaldt,060245,6229,1/21/2025,"S-00, Non-Visual Item"
32 x 30 Skids,Quantity: 150,061029,6229,1/20/2025,Outside Door 5 (No room by Door 13)
47 x 52 Skids (Repaired),Quantity: 72,061026,6229,1/20/2025,Outside Door 5
Daimler Racks,Quantity: 33,Customer Supplied,6229,1/20/2025,"Outside Door 5, across cardboard compactor"
Kohler Crates,9 Tall / 50+ Tall,Customer Supplied,6229,1/20/2025,Inside Door 5
"12 x 12 x 12
Boxes","Single
Walled",061020,6229,1/17/2025,In front of Dock 2
"12 x 12 x 12
Boxes","Single
Walled",061020,6229,1/17/2025,In front of Dock 2
39 x 39,Cardboard,061021,6229,1/17/2025,In front of Dock 2
39 x 39,Cardboard,061021,6229,1/17/2025,In front of Dock 2
39 x 39,Cardboard,061021,6229,1/17/2025,In front of Dock 2
39 x 39,Cardboard,061021,6229,1/17/2025,In front of Dock 2
39 x 39,Cardboard,061021,6229,1/17/2025,In front of Dock 2
Styberg Skids,Quantity: 50,Customer Supplied,6229,1/16/2025,Outside Door 5
ArcPlus 6 Carbon Steel MIG,55 Gallon Barrel,060847,6229,1/13/2025,Robot 1
CO-074894 - 13#,Attention: Bill Schmidt,060903,6229,1/13/2025,"Die Shop (Bodycoat Skid, with box)"
CO-074894 - 167#,Attention: Bill Schmidt,060823,6229,1/13/2025,"Die Shop (Bodycoat Skid, with box)"
CO-074894 - 257#,Attention: Bill Schmidt,060903,6229,1/13/2025,"Die Shop (Bodycoat Skid, with box)"
"Daimler ""Jarkies""",33,Customer Supplied,6229,1/13/2025,Outside Door 5
Kohler Crates,3/4 Truck,Customer Supplied,6229,1/13/2025,Outside Door 5
Kohler Crates,Full Truck,Customer Supplied,6229,1/13/2025,Around Door 5 (Inside)
32 X 30 X 15,ELECTROLUX BOXES,060376,6604,1/10/2025,RECV
32 X 30 X 15,ELECTROLUX BOXES,060376,6604,1/10/2025,RECV
32 X 30 X 15,ELECTROLUX BOXES,060376,6604,1/10/2025,RECV
32 X 30 X 15,ELECTROLUX BOXES,060376,6604,1/10/2025,RECV
32 X 30 X 15,ELECTROLUX BOXES,060376,6604,1/10/2025,RECV
32 X 30 X 15,ELECTROLUX BOXES,060376,6604,1/10/2025,RECV
40 X 48,CARDBOARD,060909,6604,1/10/2025,RECV
40 X 48,CARDBOARD,060909,6604,1/10/2025,RECV
40 X 48,CARDBOARD,060909,6604,1/10/2025,RECV
40 X 48,CARDBOARD,060909,6604,1/10/2025,RECV
40 X 48,CARDBOARD,060909,6604,1/10/2025,RECV
40 X 48,CARDBOARD,060909,6604,1/10/2025,RECV
40 X 48,CARDBOARD,060909,6604,1/10/2025,RECV
40 X 48,CARDBOARD,060909,6604,1/10/2025,RECV
40 x 48 Skids,Quantity: 660,057350,6229,1/8/2025,Wood Trailer
Dubois Anti-Rust,Quantity: 55 Gallons,060831,6229,1/8/2025,Laser Area
EcoCool 7330,Quantity: 55 Gallons,060784,6229,1/7/2025,Die Shop
Simple Green AntiSplatter,Quantity: 55 Gallons,060471,6229,1/7/2025,Welding
V-EMB-9,Quantity: 20 Skids,060851,6229,1/7/2025,W-04
V-EMB-2,QUANTITY: 400,060828,6229,1/6/2025,V-N0-19
V-EMB-21,QUANTITY: 50,060828,6229,1/6/2025,V-B0-00
V-EMB-21,QUANTITY: 50,060828,6229,1/6/2025,V-B0-00
V-EMB-21,QUANTITY: 50,060828,6229,1/6/2025,V-B0-00
V-EMB-62,QUANTITY: 120,060828,6229,1/6/2025,V-F0-01
V-EMB-62,QUANTITY: 120,060828,6229,1/6/2025,V-F0-01
V-EMB-71,QUANTITY: 25,060828,6229,1/6/2025,V-D0-01
V-EMB-71,QUANTITY: 25,060828,6229,1/6/2025,V-D0-01
V-EMB-71,QUANTITY: 25,060828,6229,1/6/2025,V-D0-01
V-EMB-71,QUANTITY: 25,060828,6229,1/6/2025,V-D0-01
V-EMB-71,QUANTITY: 25,060828,6229,1/6/2025,V-D0-01
V-EMB-71,QUANTITY: 25,060828,6229,1/6/2025,V-D0-01
V-EMB-72,QUANTITY: 25,060828,6229,1/6/2025,V-F0-01
V-EMB-72,QUANTITY: 25,060828,6229,1/6/2025,V-F0-01
V-EMB-72,QUANTITY: 25,060828,6229,1/6/2025,V-F0-01
V-EMB-72,QUANTITY: 25,060828,6229,1/6/2025,V-F0-01
V-EMB-72,QUANTITY: 25,060828,6229,1/6/2025,V-F0-01
V-EMB-72,QUANTITY: 25,060828,6229,1/6/2025,V-F0-01
V-EMB-72,QUANTITY: 25,060828,6229,1/6/2025,V-F0-01
V-EMB-72,QUANTITY: 25,060828,6229,1/6/2025,V-F0-01
V-EMB-72,QUANTITY: 25,060828,6229,1/6/2025,V-F0-01
V-EMB-72,QUANTITY: 25,060828,6229,1/6/2025,V-F0-01
Airens Totes,Quantity: 20,Customer Supplied,6229,1/3/2025,Door 5
CO-075950,Attention: Bob Pederson,060643,6229,1/3/2025,Die Shop
Lennox Jarkies,Quantity: 20,Customer Supplied,6229,1/3/2025,Outside Service
Paper Towel,Quantity: 12 Boxes,060766,6229,1/3/2025,Janitor Closet
Toilet Paper,Quantity: 6 Boxes,060766,6229,1/3/2025,Janitor Closet
V-EMB-1,Quantity: 100,060791,6229,1/3/2025,RECV
V-EMB-116,Quantity: 150,060791,6229,1/3/2025,RECV
V-EMB-21,Quantity: 50,060791,6229,1/3/2025,RECV
V-EMB-22,Quantity: 50,060791,6229,1/3/2025,RECV
V-EMB-22,Quantity: 50,060791,6229,1/3/2025,RECV
V-EMB-22,Quantity: 50,060791,6229,1/3/2025,RECV
V-EMB-500,Quantity: 88,060791,6229,1/3/2025,RECV
V-EMB-500,Quantity: 88,060791,6229,1/3/2025,RECV
V-EMB-500,Quantity: 88,060791,6229,1/3/2025,RECV
V-EMB-6,Quantity: 20,060791,6229,1/3/2025,RECV
V-EMB-69,Quantity: 100,060791,6229,1/3/2025,RECV
V-EMB-750,Quantity: 80,060791,6229,1/3/2025,RECV
V-EMB-750,Quantity: 80,060791,6229,1/3/2025,RECV
V-EMB-780,Quantity: 40,060791,6229,1/3/2025,RECV
V-EMB-780,Quantity: 40,060791,6229,1/3/2025,RECV
V-EMB-79,Quantity: 25,060791,6229,1/3/2025,RECV
"CR SHT 11 GA
Not in Visual",Attention: Bryce Hassemer,060857,6229,1/14/2024,S-00
CO-075925,Danielle Morrelle,060489,6229,1/2/2024,Die Shop
Daimler Blue Racks,For Round Disks,Customer Supplied,6229,1/2/2024,V-A Isle